{
    "population size": 25,
    "number of generations": 25,
    "number of gradient-based iterations": 100,
    "optimization history (generations + iterations)": [
        0,
        1,
        2,
        3,
        4,
        5,
        6,
        7,
        8,
        9,
        10,
        11,
        12,
        13,
        14,
        15,
        16,
        17,
        18,
        19,
        20,
        21,
        22,
        23,
        24,
        25,
        26,
        27,
        28,
        29,
        30,
        31,
        32,
        33,
        34,
        35,
        36,
        37,
        38,
        39,
        40,
        41,
        42,
        43,
        44,
        45,
        46,
        47,
        48,
        49,
        50,
        51,
        52,
        53,
        54,
        55,
        56,
        57,
        58,
        59,
        60,
        61,
        62,
        63,
        64,
        65,
        66,
        67,
        68,
        69,
        70,
        71,
        72,
        73,
        74,
        75,
        76,
        77,
        78,
        79,
        80,
        81,
        82,
        83,
        84,
        85,
        86,
        87,
        88,
        89,
        90,
        91,
        92,
        93,
        94,
        95,
        96,
        97,
        98,
        99,
        100,
        101,
        102,
        103,
        104,
        105,
        106,
        107,
        108,
        109,
        110,
        111,
        112,
        113,
        114,
        115,
        116,
        117,
        118,
        119,
        120,
        121,
        122,
        123,
        124,
        125,
        126,
        127,
        128,
        129,
        130,
        131,
        132,
        133,
        134,
        135,
        136,
        137,
        138,
        139,
        140,
        141,
        142,
        143,
        144,
        145,
        146,
        147,
        148,
        149,
        150,
        151,
        152,
        153,
        154,
        155,
        156,
        157,
        158,
        159,
        160,
        161,
        162,
        163,
        164,
        165,
        166,
        167,
        168,
        169
    ],
    "optimization history (min objective value)": [
        0.015219686724780681,
        0.015063305042187966,
        0.015063305042187966,
        0.015063305042187966,
        0.015063305042187966,
        0.015063305042187966,
        0.015063305042187966,
        0.015063305042187966,
        0.015063305042187966,
        0.015063305042187966,
        0.015063305042187966,
        0.015063305042187966,
        0.015063305042187966,
        0.015063305042187966,
        0.015063305042187966,
        0.015063305042187966,
        0.015063305042187966,
        0.015063305042187966,
        0.015063305042187966,
        0.015063305042187966,
        0.015063305042187966,
        0.015063305042187966,
        0.015063305042187966,
        0.015063305042187966,
        0.015063305042187966,
        0.015063305042187966,
        0.015063305042187966,
        0.015063305042187966,
        0.015063305042187966,
        0.015063305042187966,
        0.015063305021852961,
        0.015063305021852961,
        0.015063305021852961,
        0.015063304990461303,
        0.015030685195832868,
        0.015030685195832868,
        0.015030685195832868,
        0.015030685195832868,
        0.015030685175603686,
        0.015030685175603686,
        0.015030685175603686,
        0.015030685150582078,
        0.014942016471925309,
        0.014942016471925309,
        0.014942016471925309,
        0.014942016461630162,
        0.014942016452364168,
        0.014942016452364168,
        0.014942016452364168,
        0.014942016452364168,
        0.014932296197097294,
        0.014932296197097294,
        0.014932296195783108,
        0.01493229617764407,
        0.01493229617764407,
        0.01493229617764407,
        0.014932296176785403,
        0.014932296176785403,
        0.014919723879785116,
        0.014919723879785116,
        0.014919723870419468,
        0.014919723853530428,
        0.014919723853530428,
        0.014919723853530428,
        0.014919723853530428,
        0.014919723853530428,
        0.014883674686023788,
        0.014883674684273459,
        0.014883674663320808,
        0.014883674649799861,
        0.014883674649799861,
        0.014883674649799861,
        0.014883674649799861,
        0.014883674649799861,
        0.014834941220498528,
        0.014834941215550082,
        0.014834941189814231,
        0.01483494118276217,
        0.01483494118276217,
        0.01483494118276217,
        0.01483494118276217,
        0.01483494118276217,
        0.014739579870813485,
        0.01473957986295827,
        0.014739579847878216,
        0.014739579841082866,
        0.014739579841082866,
        0.014739579841082866,
        0.014739579841082866,
        0.014739579841082866,
        0.01465955877986469,
        0.014659558765003073,
        0.014659558765003073,
        0.014659558765003073,
        0.014659558765003073,
        0.014659558765003073,
        0.014659558765003073,
        0.014659558765003073,
        0.01465206153229514,
        0.014652061518715086,
        0.014652061518715086,
        0.014652061518715086,
        0.014652061518715086,
        0.014652061518715086,
        0.014652061518715086,
        0.014652061518715086,
        0.014645256614931657,
        0.014645256603503973,
        0.014645256603503973,
        0.014645256603503973,
        0.014645256603503973,
        0.014645256603503973,
        0.014645256603503973,
        0.014645256603503973,
        0.014642130162295723,
        0.014642130151858656,
        0.014642130151858656,
        0.014642130151858656,
        0.014642130151858656,
        0.014642130151858656,
        0.014642130151858656,
        0.014642130151858656,
        0.014628685714919829,
        0.014628685709218948,
        0.014628685709218948,
        0.014628685709218948,
        0.014628685706552345,
        0.014628685706552345,
        0.014628685706552345,
        0.014628685706552345,
        0.014441477497861765,
        0.0144414774785004,
        0.0144414774785004,
        0.0144414774785004,
        0.0144414774785004,
        0.0144414774785004,
        0.0144414774785004,
        0.0144414774785004,
        0.014346724462817895,
        0.014346724462817895,
        0.014346724462817895,
        0.014346724462817895,
        0.014346724462817895,
        0.014346724462817895,
        0.014346724462817895,
        0.01434672444530742,
        0.014328901115682663,
        0.014328901112396005,
        0.014328901112396005,
        0.014328901112396005,
        0.014328901112396005,
        0.014328901112396005,
        0.014328901112396005,
        0.014328901106075369,
        0.01431892434259537,
        0.014318924338527867,
        0.014318924338527867,
        0.014318924338527867,
        0.014318924338527867,
        0.014318924338527867,
        0.014318924338527867,
        0.014318924338527867,
        0.014316796625545511,
        0.014316796623948398,
        0.014316796623948398,
        0.014316796621902576,
        0.014316796621902576,
        0.014316796621902576,
        0.014316796621902576,
        0.014316796621902576
    ],
    "final_error": [
        0.014316796625545511
    ],
    "final_solution": {
        "H_min": 0.0,
        "sig_crit": 0.0,
        "E_M": 18800000000.0,
        "E_A": 54500000000.0,
        "M_s": 452.18,
        "M_f": 430.86048295490906,
        "A_s": 467.2241519134375,
        "A_f": 494.2858328387219,
        "C_M": 11060000.0,
        "C_A": 14100000.0,
        "H_sat": 0.015977966082100795,
        "k": 1.41e-08,
        "n_1": 1.0,
        "n_2": 0.3403304149136804,
        "n_3": 0.36489745211429625,
        "n_4": 0.49746375234534973,
        "alpha": 4.47e-06,