{
    "population size": 20,
    "number of generations": 15,
    "number of gradient-based iterations": 100,
    "optimization history (generations + iterations)": [
        0,
        1,
        2,
        3,
        4,
        5,
        6,
        7,
        8,
        9,
        10,
        11,
        12,
        13,
        14,
        15,
        16,
        17,
        18,
        19,
        20,
        21,
        22,
        23,
        24,
        25,
        26,
        27,
        28,
        29,
        30,
        31,
        32,
        33,
        34,
        35,
        36,
        37,
        38,
        39,
        40,
        41,
        42,
        43,
        44,
        45,
        46,
        47,
        48,
        49,
        50,
        51,
        52,
        53,
        54,
        55,
        56,
        57,
        58,
        59,
        60,
        61,
        62,
        63,
        64,
        65,
        66,
        67,
        68,
        69,
        70,
        71,
        72,
        73,
        74,
        75,
        76,
        77,
        78,
        79,
        80,
        81,
        82,
        83,
        84,
        85,
        86,
        87,
        88,
        89,
        90,
        91,
        92,
        93,
        94,
        95,
        96,
        97,
        98,
        99,
        100,
        101,
        102,
        103,
        104,
        105,
        106
    ],
    "optimization history (min objective value)": [
        0.021412607300486757,
        0.01847820384729615,
        0.015103105427542778,
        0.015103105427542778,
        0.015103105427542778,
        0.015103105427542778,
        0.015103105427542778,
        0.015103105427542778,
        0.015103105427542778,
        0.015103105427542778,
        0.015103105427542778,
        0.015103105427542778,
        0.015103105427542778,
        0.015103105427542778,
        0.015103105427542778,
        0.015103105427542778,
        0.015103105427542778,
        0.015103105427542778,
        0.01510310532430035,
        0.015103104711006815,
        0.015103104711006815,
        0.015103104711006815,
        0.015103104711006815,
        0.015103104711006815,
        0.015103104711006815,
        0.01438980085762901,
        0.01438980085762901,
        0.014389800804868963,
        0.014389800804868963,
        0.014389800804868963,
        0.014389800804868963,
        0.014389800804868963,
        0.014389800804868963,
        0.014389800649993525,
        0.013732765825321463,
        0.013732765825321463,
        0.013732765782577759,
        0.013732765782577759,
        0.013732765782577759,
        0.013732765782577759,
        0.013732765782577759,
        0.013732765782577759,
        0.013732765742538677,
        0.01368361657351698,
        0.01368361655839548,
        0.013683616547295384,
        0.013683616547295384,
        0.01368361652433607,
        0.01368361652433607,
        0.01368361652433607,
        0.01368361652433607,
        0.013683616518273095,
        0.013623419634495764,
        0.0136234195847238,
        0.0136234195847238,
        0.013623419579758064,
        0.013623419568414835,
        0.013623419568414835,
        0.013623419568414835,
        0.013623419568414835,
        0.013623419568414835,
        0.013337818567206198,
        0.013337818488178353,
        0.013337818488178353,
        0.01333781848726786,
        0.01333781848726786,
        0.01333781848726786,
        0.01333781848726786,
        0.01333781848726786,
        0.01333781848726786,
        0.013121978372444158,
        0.013121978261383366,
        0.013121978261383366,
        0.013121978261383366,
        0.013121978261383366,
        0.013121978261383366,
        0.013121978261383366,
        0.013121978261383366,
        0.013121978261383366,
        0.0130915240101577,
        0.013091523948605126,
        0.013091523948605126,
        0.013091523948605126,
        0.013091523948605126,
        0.013091523948605126,
        0.013091523948605126,
        0.013091523948605126,
        0.013091523948605126,
        0.013072023594774834,
        0.013072023594774834,
        0.013072023580834806,
        0.013072023580834806,
        0.013072023580834806,
        0.013072023580834806,
        0.013072023580834806,
        0.013072023580834806,
        0.013072023580834806,
        0.013069181940423657,
        0.013069181940422987,
        0.013069181927868991,
        0.013069181927868991,
        0.013069181927868991,
        0.013069181927868991,
        0.013069181927868991,
        0.013069181927868991,
        0.013069181927868991,
        0.013068211643510123
    ],
    "final_error": [
        0.013068211643510123
    ],
    "final_solution": {
        "H_min": 0.0,
        "n_1": 0.87653784841218,
        "sig_crit": 0.0,
        "E_M": 20240000000.0,
        "E_A": 59140000000.0,
        "M_s": 456.0044523388351,
        "M_f": 432.4913658549368,
        "A_s": 463.2231738636289,
        "A_f": 493.5799362259087,
        "C_M": 12400000.0,
        "C_A": 14300000.0,
        "H_sat": 0.01653878349352556,
        "k": 1.14e-08,
        "alpha": 1.07e-06,
        "n_2": 0.4121679791587434,
        "n_3": 0.5054753785815483,
        "n_4": 0.28761867011171693,
        "delta": 1e-06,
        "sig_cal": 100000000.0,
        "MVF_tolerance": 0.0001,
        "H_max - H_min": 0.0165
    },
    "bounds": [
        [
            433.15,
            473.15
        ],
        [
            10.0,
            50.0
        ],
        [
            461.15,
            501.15
        ],
        [
            10.0,
            50.0
        ],
        [
            0.01,
            1.0
        ],
        [
            0.01,
            1.0
        ],
        [
            0.01,
            1.0
        ],
        [
            0.01,
            1.0
        ]
    ],
    "date": "2024-10-22"
}